strain_id,strain,species_id,rating
1,100-Og,3,4
2,98-White-Widow,3,4.7
3,1024,2,4.4
4,13-Dawgs,3,4.2
5,24K-Gold,3,4.6
6,3-Bears-Og,1,0
7,3-Kings,3,4.4
8,303-Og,1,4.2
9,3D-Cbd,2,4.6
10,3X-Crazy,1,4.4
11,3Rd-Coast-Panama-Chunk,3,4.7
12,501St-Og,3,4.5
13,5Th-Element,1,4.4
14,707-Headband,3,4.3
15,8-Ball-Kush,1,4.3
16,818-Og,1,4.7
17,831-Og,1,5
18,9-Pound-Hammer,1,4.5
19,91-Krypt,1,4.7
20,A-10,1,3.8
21,A-Dub,3,4.4
22,A-Train,3,4.1
23,Acdc,3,4.5
24,Ak-47,3,4.2
25,Ak-48,3,4
26,Aberdeen,3,4.3
27,Abusive-Og,1,4.5
28,Acapulco-Gold,2,4.5
29,Ace-Killer-Og,1,4.8
30,Ace-Of-Spades,1,4.1
31,Aceh,2,4.4
32,Acid,3,4.4
33,Acid-Dough,2,5
34,Afcrack,3,3.4
35,Afghan-Big-Bud,1,4
36,Afghan-Cow,2,4.3
37,Afghan-Diesel,3,3.7
38,Afghan-Hawaiian,1,4.1
39,Afghan-Haze,3,4.3
40,Afghan-Kush,1,4.1
41,Afghan-Skunk,1,4.3
42,Afghan-Sour-Kush,1,4.5
43,Afghan-Widow,3,4.5
44,Afghani,1,4.3
45,Afgahni-Bullrider,1,4.4
46,Afghani-Cbd,1,4.6
47,Afghanica,3,4.1
48,Afghanimal,1,5
49,Afghooey,1,4.1
50,Afgoo,1,4.1
51,Afgooey,1,4.3
52,Afkansastan,1,3.8
53,Afpak,3,4.2
54,African,2,3.9
55,Afrikaner,2,0
56,Afternoon-Delight,3,4.8
57,Afwreck,3,4.2
58,Agent-Orange,3,4.2
59,Agent-Tangie,3,4.5
60,Air-Jordan-Og,1,4.5
61,Als-Dream,3,3
62,Alaska,2,4.6
63,Alaska-Thunder-Grape,3,5
64,Alaskan-Ice,2,4.4
65,Alaskan-Thunder-Fuck,2,4.4
66,Albert-Walker,3,4.7
67,Alchemy,3,4.8
68,Alf,3,5
69,Alice-In-Wonderland,2,4.5
70,Alien-Abduction,3,3.8
71,Alien-Apparition,3,4
72,Alien-Asshat,3,4.8
73,Alien-Bubba,1,5
74,Alien-Dawg,1,4.3
75,Alien-Dutchess,2,4.2
76,Alien-Hallucination,3,4.1
77,Alien-Inferno,3,4.8
78,Alien-Kush,1,4.2
79,Alien-Og,3,4.5
80,Alien-Reunion,3,4.9
81,Alien-Rift,1,4.6
82,Alien-Rock-Candy,3,4.7
83,Alien-Sour-Apple,3,4.6
84,Alien-Stardawg,2,4.4
85,Alien-Technology,1,4.5
86,Aliens-On-Moonshine,1,4.5
87,Allen-Iverson-Og,1,5
88,Allen-Wrench,2,4.3
89,Allkush,1,5
90,Aloha,2,4.2
91,Aloha-Grape-Stomper,3,5
92,Aloha-Limone,3,4.8
93,Alohaberry,3,4.2
94,Alpha-Blue,2,4.5
95,Alpha-Cow,2,5
96,Alpha-Express,2,4.7
97,Alpha-Og,3,4.6
98,Alpine-Blue,3,5
99,Alpine-Star,1,4.2
100,Ambrosia,3,4.4
101,American-Dream,3,4.7
102,American-Kush,1,4.8
103,Americano,1,4.6
104,Amethyst,3,3.9
105,Amethyst-Bud,3,4.2
106,Amnesia,2,4.3
107,Amnesia-Ganja-Haze,2,5
108,Amnesia-Haze,2,4.3
109,Ancient-Kush,1,4.6
110,Ancient-Og,1,4.6
111,Anesthesia,1,4.1
112,Angel-Og,1,5
113,Animal-Cookies,3,4.5
114,Anonymous-Og,1,5
115,Anubis,1,5
116,Ape-Shit,3,5
117,Apollo-11,3,4.4
118,Apollo-13,3,4.4
119,Appalachia,3,4.8
120,Appalachian-Power,2,4.3
121,Apple-Jack,3,3.6
122,Apple-Kush,3,4.6
123,Appleberry,1,4.6
124,Arabian-Gold,2,4.1
125,Arctic-Sun,3,4.3
126,Arcticblue,3,4.8
127,Area-51,3,4.4
128,Argyle,1,3.9
129,Arjans-Strawberry-Haze,2,4.3
130,Arjans-Ultra-Haze-1,2,4.8
131,Armageddon,3,4
132,Armagnac,3,4.2
133,Ash,3,4.5
134,Asian-Fantasy,2,4.4
135,Aspen-Og,3,4.1
136,Astroboy,2,4.5
137,Athabasca,1,4.6
138,Atmosphere,3,4.8
139,Atomic,3,4.5
140,Atomic-Goat,3,4.8
141,Atomic-Northern-Lights,3,4.2
142,Atomical-Haze,2,4.4
143,Aurora-Borealis,1,4.2
144,Aurora-Indica,1,4.4
145,Avalon,3,3.6
146,Avi,3,3
147,Avi-Dekel,3,4.5
148,Ayahuasca-Purple,1,4.4
149,Azure-Haze,3,4.4
150,B-52,1,4.1
151,B-Witched,3,5
152,B-Witched,3,5
153,Bb-King,1,3.8
154,B4,3,4.5
155,Bc-Big-Bud,3,4.5
156,Bc-Roadkill,3,4.5
157,Bc-Sweet-Tooth,1,4.3
158,Bcn-Diesel,3,5
159,Bog-Bubble,3,4.4
160,Bsc,3,4.5
161,Bad-Azz-Kush,3,5
162,Bakerstreet,1,3.7
163,Balmoral,3,4.2
164,Banana-Candy,1,4.2
165,Banana-Cream-Og,3,4.8
166,Banana-Diesel,3,4.4
167,Banana-Kush,3,4.3
168,Banana-Og,3,4.4
169,Banana-Peel,3,4.7
170,Bananas,3,4.5
171,Bandana,3,4.2
172,Bangi-Haze,2,0
173,Bango,3,4.7
174,Barbara-Bud,1,3.6
175,Batgirl,3,5
176,Batman-Og,1,4.4
177,Bay-11,2,4.5
178,Bay-Dream,2,4.3
179,Bear-Dance,3,4.8
180,Beast-Mode-20,1,4.5
181,Beast-Mode-Og,3,4.4
182,Bedford-Glue,3,5
183,Bedica,1,4.3
184,Bediol,2,4.7
185,Bell-Ringer,1,5
186,Belladonna,3,4
187,Berkeley,2,4.3
188,Bermuda-Sour,3,0
189,Berry-Bomb,3,4.2
190,Berry-Larry,3,4.8
191,Berry-Noir,1,4.4
192,Berry-Og,3,4.3
193,Berry-White,1,4.4
194,Berts-Cookie-Dough,3,5
195,Bertberry-Cheesecake,2,5
196,Bettie-Page,3,4.2
197,Bianca,3,4.2
198,Biddy-Early,3,4.2
199,Big-Band,3,4.6
200,Big-Bang,1,4.1
201,Big-Bud,1,3.9
202,Big-Budda-Cheese,3,4.2
203,Big-Holy-Nina,3,4
204,Big-Kush,3,4.7
205,Big-Mac,1,5
206,Big-Skunk-Korean,3,4
207,Big-Sky-Og,3,4.7
208,Big-Smooth,3,5
209,Big-Sur-Holy-Bud,2,4
210,Big-White,1,4.2
211,Big-Wreck,1,4.1
212,Biker-Leblanc,3,4.5
213,Bio-Diesel,3,4.4
214,Bio-Jesus,3,4.6
215,Biochem,1,4.4
216,Birds-Eye,2,5
217,Birthday-Cake-Kush,3,4.5
218,Black-84,1,4.5
219,Black-Afghan,1,4.6
220,Black-Betty,3,4.5
221,Black-Bubba,1,4.5
222,Black-Cherry-Cheesecake,3,4.5
223,Black-Cherry-Og,1,4.4
224,Black-Cherry-Pie,3,5
225,Black-Cherry-Soda,3,4.3
226,Black-Dhalia,3,4
227,Black-Diamond,1,4.4
228,Black-Diesel,2,4.1
229,Black-Domina,1,4.2
230,Black-Haze,3,4.4
231,Black-Ice,1,4.1
232,Black-Jack,3,4.4
233,Black-Label-Kush,1,4.1
234,Black-Larry-Bird,1,4
235,Black-Lime-Special-Reserve,1,4.5
236,Black-Magic,3,4
237,Black-Magic-Kush,1,4.2
238,Black-Mamba,1,4.6
239,Black-Roses,1,4
240,Black-Russian,1,4.3
241,Black-Tuna,3,4.5
242,Black-Velvet,3,3.9
243,Black-Widow,3,4.1
244,Blackberry,3,4.2
245,Blackberry-Bubble,1,4.7
246,Blackberry-Chem-Og,3,4.3
247,Blackberry-Cream,1,4.8
248,Blackberry-Diesel,2,4.1
249,Blackberry-Dream,3,4.2
250,Blackberry-Fire,3,5
251,Blackberry-Hashplant,1,3.7
252,Blackberry-Haze,2,4.5
253,Blackberry-Kush,1,4.3
254,Blackberry-Lime-Haze,2,4.7
255,Blackberry-Pie,3,4.7
256,Blackberry-Rhino,1,4.3
257,Blackberry-Trainwreck,3,4.3
258,Blackberry-X-Blueberry,1,4.3
259,Blackwater,1,4.6
260,Blaze,2,4.3
261,Blissful-Wizard,3,4.8
262,Blizzard-Bush,3,0
263,Blob-Og,3,4.7
264,Blockhead,3,4.2
265,Bloos-Kloos,1,4.6
266,Blood-Orange-Kush,1,5
267,Bloodhound,3,4.2
268,Blowfish,3,4.2
269,Blucifer,2,4.3
270,Blue-Afghani,1,4.4
271,Blue-Alien,1,4.5
272,Blue-Bastard,1,3.8
273,Blue-Bayou,2,2.8
274,Blue-Blood,1,4.2
275,Blue-Boy,3,4.1
276,Blue-Buddha,1,4.9
277,Blue-Champange,3,4.4
278,Blue-Cheese,1,4.3
279,Blue-Cinex,3,4.7
280,Blue-Cookies,3,4.7
281,Blue-Crack,3,4.2
282,Blue-Diamond,1,4.4
283,Blue-Diesel,3,4.4
284,Blue-Dot,2,4.7
285,Blue-Dragon,3,4.4
286,Blue-Dream,3,4.4
287,Blue-Dynamite,1,4.3
288,Blue-Frost,3,4.5
289,Blue-Galaxy,3,4.7
290,Blue-God,1,4.7
291,Blue-Goo,3,4.1
292,Blue-Hash,3,4.4
293,Blue-Hawaiian,3,4.3
294,Blue-Haze,3,4.3
295,Blue-Heron,3,4.7
296,Blue-Ivy,3,4.4
297,Blue-Jay-Way,3,4.5
298,Blue-Kiss,3,4.7
299,Blue-Knight,1,4.7
300,Blue-Kripple,1,3.4
301,Blue-Kush,3,4.5
302,Blue-Lights,1,4.5
303,Blue-Magic,2,4.6
304,Blue-Magoo,3,4.5
305,Blue-Monster,1,4.7
306,Blue-Moon-Rocks,3,4.6
307,Blue-Moonshine,1,4.2
308,Blue-Mountain-Fire,2,4
309,Blue-Mystic,1,4.2
310,Blue-Nightmare,3,4.7
311,Blue-Nina,3,4.5
312,Blue-Og,3,4.3
313,Blue-Ox,1,4.5
314,Blue-Persuasion,3,4.1
315,Blue-Power,1,4.7
316,Blue-Rhino,3,4.3
317,Blue-Satellite,2,3.9
318,Blue-Sky,3,4.6
319,Blue-Steel,1,4.3
320,Blue-Thai,3,3.7
321,Blue-Train,3,4.4
322,Blue-Trane,3,0
323,Blue-Treat,3,4.9
324,Blue-Velvet,3,4.3
325,Blue-Venom,3,4.7
326,Blue-Widow,3,4.2
327,Blue-Wonder,3,5
328,Blue-Wreck,3,4.7
329,Blue-Zkittlez,1,4.9
330,Blue-Zombie,1,4.7
331,Blueberry,1,4.3
332,Blueberry-Ak,3,4.9
333,Blueberry-Blast,2,4.4
334,Blueberry-Bomb,3,5
335,Blueberry-Cheesecake,3,4.3
336,Blueberry-Diesel,3,4.2
337,Blueberry-Dream,2,4.6
338,Blueberry-Essence,3,4.5
339,Blueberry-Haze,3,4.2
340,Blueberry-Headband,3,4.3
341,Blueberry-Jack,3,4.3
342,Blueberry-Kush,1,4.3
343,Blueberry-Lambsbread,3,4.8
344,Blueberry-Muffins,3,4.7
345,Blueberry-Og,3,4.6
346,Blueberry-Pancakes,3,4.5
347,Blueberry-Pie,3,4.4
348,Blueberry-Silvertip,3,4.6
349,Blueberry-Skunk,1,4.3
350,Blueberry-Space-Cake,1,5
351,Blueberry-Trainwreck,3,4.4
352,Blueberry-Triple-Og,1,4
353,Blueberry-Waltz,1,4.8
354,Blueberry-Yum-Yum,3,4.6
355,Blues,3,4
356,Blukashima,3,5
357,Bluniverse,3,4.7
358,Blurple,3,4.3
359,Blush,3,5
360,Bob-Saget,2,4.8
361,Bodega-Bubblegum,3,0
362,Bogart,3,4
363,Boggle-Gum,3,4
364,Booger,3,4.7
365,Boombaye,3,0
366,Bootlegger,3,0
367,Bordello,3,4.5
368,Boss-Hogg,3,4.5
369,Boysenberry,3,3.6
370,Brain-Candy,3,5
371,Brains-Damage,1,4.4
372,Brainstorm-Haze,2,3.9
373,Brainwreck,3,4.7
374,Brand-X,1,5
375,Brandywine,1,4.5
376,Brazil-Amazonia,2,4.5
377,Brian-Berry-Cough,3,4.5
378,Bright-Fire,1,5
379,Bright-Moments,3,0
380,Broke-Diesel,3,5
381,Bronze-Whaler,1,0
382,Brooklyn-Mango,3,4.9
383,Bruce-Banner,3,4.6
384,Bruce-Banner-3,3,4.6
385,Bubba-Berry,1,5
386,Bubba-Doja,1,4
387,Bubba-Fresh,3,5
388,Bubba-Hash,1,0
389,Bubba-Kush,1,4.3
390,Bubba-Og,1,4.3
391,Bubba-Tom-Hayes,3,4.9
392,Bubba-X-Skunk,3,5
393,Bubbas-Bitch,1,4
394,Bubbas-Gift,1,4.6
395,Bubble-Cheese,1,3.8
396,Bubble-Gum,3,4.1
397,Bubbleberry,3,4.4
398,Bubblegum-Kush,1,4.3
399,Bubblegun,3,3.8
400,Bubblicious,3,4.3
401,Buckeye-Purple,1,4.3
402,Buddha-Haze,2,4.6
403,Buddha-Tahoe,1,4.5
404,Buddhas-Hand,3,4.7
405,Buddhas-Sister,1,4.3
406,Buffalo-Bill,2,4.2
407,Bugatti-Og,3,4.6
408,Burkle,1,4.9
409,Burmese-Kush,3,4.2
410,Burnt-Cookies,3,0
411,Butter-Og,1,4.3
412,Butterscotch,1,4.3
413,C13-Haze,2,4.4
414,C3,3,5
415,C3Po,3,4.3
416,C4,3,4.5
417,Cbd-Blue-Shark,3,4.3
418,Cbd-Critical-Cure,1,4.6
419,Cbd-Critical-Mass,1,4.6
420,Cbd-Kush,3,4.5
421,Cbd-Lilly,2,4.5
422,Cbd-Mango-Haze,2,4.4
423,Cbd-Ox,1,5
424,Cbd-Rich-Blessing,2,0
425,Cbd-Shark,1,4.5
426,Chr-Super-Og,1,4.3
427,Cabbage-Patch,3,4.4
428,Cackleberry,3,0
429,Cactus,1,4.6
430,Cactus-Cooler,3,4.5
431,Cadillac-Purple,1,4.2
432,Cali-Gold,3,4.5
433,Cali-Jack,3,4.7
434,Cali-Kush,3,4.2
435,California-Grapefruit,1,4.4
436,California-Hash-Plant,1,5
437,California-Orange,3,4.3
438,California-Sour,3,3.6
439,Calyx-Og,3,0
440,Cambodian,2,4.2
441,Cambodian-Haze,2,4.6
442,Candy-Cane,1,4.4
443,Candy-Jack,2,4.3
444,Candyland,2,4.6
445,Canna-Tsu,3,4.5
446,Cannasutra,1,4.8
447,Cannadential,3,4.1
448,Cannalope-Haze,2,4.2
449,Cannalope-Kush,3,4.5
450,Cannatonic,3,4.3
451,Capers,1,4.6
452,Capleton,3,4
453,Captain-America-Og,3,4.6
454,Captains-Cake,3,4.7
455,Caramel-Candy-Kush,3,4.6
456,Caramel-Kona-Coffee-Cookies,3,0
457,Caramel-Kona-Coffee-Kush,1,4.5
458,Caramelicious,3,4.2
459,Caramella,1,4.8
460,Caramelo,2,4.1
461,Carl-Sagan,3,4.4
462,Carnival,2,4.3
463,Cascadia-Kush,1,4.6
464,Casey-Jones,2,4.2
465,Cashus-Clay,3,4.2
466,Casper-Og,1,5
467,Cat-Piss,2,3.9
468,Cataract-Kush,3,4.4
469,Catfish,2,4.8
470,Cello-Sweet-Og,3,4
471,Central-American,2,4
472,Cerebro-Haze,2,4.2
473,Chairman-Chem-Sou,3,4.4
474,Champagne-Kush,3,4.2
475,Charlie-Sheen,3,4.6
476,Charlottes-Web,2,4.5
477,Cheese,3,4.1
478,Cheese-Candy,3,4.3
479,Cheese-Quake,3,4.3
480,Cheeseburger,3,3.3
481,Cheesewreck,3,4.3
482,Chem-Crush,3,4.1
483,Chem-Dog,1,4.7
484,Chem-Jack,3,5
485,Chem-Jong-Ill,3,5
486,Chem-Scout,1,4.5
487,Chem-Valley-Kush,3,4.3
488,Chems-Sister,2,4.5
489,Chemwreck,3,4.6
490,Chemdawg,3,4.3
491,Chemdawg-4-X-Alien-Og-Kush,3,4.5
492,Chemdawg-4,3,4.4
493,Chemdawg-91,3,4.5
494,Chemdawg-Sour-Diesel,3,4.5
495,Chemmy-Jones,3,4.7
496,Chemnesia,3,4.8
497,Chemo,1,4.4
498,Cherwillie,3,5
499,Chernobyl,3,4.4
500,Cherries-Jubilee,1,4.4
501,Cherry-Ak-47,3,4.4
502,Cherry-Bomb,3,4.3
503,Cherry-Cookies,3,4.6
504,Cherry-Cream-Pie,3,4.3
505,Cherry-Diesel,3,4.7
506,Cherry-Durban-Poison,3,4.3
507,Cherry-Fire,3,0
508,Cherry-Grapefruit,3,4.3
509,Cherry-Kola,1,4.7
510,Cherry-Kush,3,4.2
511,Cherry-Limeade,3,4.3
512,Cherry-Og,3,4.2
513,Cherry-Pie,3,4.4
514,Cherry-Pie-Kush,3,4.2
515,Cherry-Sauce,3,5
516,Cherry-Sherbet,3,4.3
517,Cherry-Skunk,3,4.4
518,Cherry-Slyder,3,4.7
519,Cherry-Thunder-Fuck,3,4.8
520,Chicle,3,5
521,Chiesel,3,4.4
522,China-Yunnan,1,4.3
523,Chiquita-Banana,3,4.9
524,Chloe,3,4.9
525,Chocoholic,3,0
526,Chocolate-Chunk,1,4.2
527,Chocolate-Diesel,2,4.6
528,Chocolate-Drop,3,5
529,Chocolate-Fondue,2,4.6
530,Chocolate-Hashberry,3,4.5
531,Chocolate-Kush,1,4.5
532,Chocolate-Meringue,1,0
533,Chocolate-Og,1,4.8
534,Chocolate-Rain,3,5
535,Chocolate-Sap,3,4.5
536,Chocolate-Thai,2,4.2
537,Chocolate-Thunder,2,4.1
538,Chocolate-Tonic,3,0
539,Chocolope,2,4.3
540,Chocolope-Kush,3,4
541,Chong-Star,3,4.5
542,Chronic,3,4.4
543,Chronic-Thunder,1,4.5
544,Chuckys-Bride,3,4.6
545,Chunky-Diesel,3,4.6
546,Chupacabra,3,4.8
547,Church-Og,1,4.1
548,Cinderella-99,3,4.4
549,Cinderellas-Dream,3,4.4
550,Cindy-White,3,4.6
551,Cinex,2,4.3
552,Cirrus,2,5
553,Citrix,3,4.3
554,Citrus-Kush,3,4.2
555,Citrus-Punch,2,4.2
556,Citrus-Sap,3,4.4
557,Citrus-Sunshine-Haze,3,4.8
558,Clementine,2,4.3
559,Clementine-Kush,3,4.4
560,Clementines-Terpentine,3,5
561,Clockwork-Orange,3,5
562,Cloud-9,3,4.3
563,Club-69,1,5
564,Cluster-Bomb,3,4.3
565,Coconut-Oil,3,3
566,Cold-Creek-Kush,3,4.3
567,Colombian-Gold,2,4.5
568,Colombian-Mojito,2,5
569,Colorado-Bubba,1,4.6
570,Colorado-Chem,3,4.4
571,Colorado-Clementines,1,4.5
572,Commerce-City-Kush,1,4.3
573,Concord-Grape-Blockhead,3,4.3
574,Confidential-Cheese,1,4.5
575,Confidential-Wreck,3,4.2
576,Congo,2,5
577,Connie-Chung,3,4.2
578,Conspiracy-Kush,1,4.6
579,Cookie-Breath,3,5
580,Cookie-Dough,3,4.5
581,Cookie-Jar,3,4.6
582,Cookie-Monster,1,4.5
583,Cookie-Wreck,3,4.6
584,Cookies-Kush,1,4.5
585,Cookies-And-Cream,3,4.6
586,Cookies-And-Dream,3,4.5
587,Copper-Kush,1,3.9
588,Corleone-Kush,1,4.6
589,Cornbread,1,4.6
590,Cosmic-Collision,2,4.2
591,Cotton-Candy-Kush,3,4.3
592,Cotton-Purple-Chem,3,4.4
593,Cowboy-Kush,3,4.8
594,Cracker-Jack,2,4.2
595,Crater-Lake,3,4.6
596,Crazy-Miss-Hyde,3,4.9
597,Cream-Caramel,1,4.2
598,Crimea-Blue,3,4.3
599,Critical-47,3,4.3
600,Critical-Bilbo,3,4.4
601,Critical-Cheese,3,4.2
602,Critical-Haze,3,4.3
603,Critical-Hog,1,4.2
604,Critical-Jack,3,4.4
605,Critical-Kali-Mist,2,4.6
606,Critical-Kush,1,4.5
607,Critical-Mass,1,4.3
608,Critical-Plus,3,4.2
609,Critical-Plus-20,1,4.2
610,Critical-Sensi-Star,1,4.2
611,Critical-Skunk,3,4.5
612,Critical-Widow,3,4.3
613,Critters-Cookies,3,3.5
614,Cronuts,3,4.7
615,Crosswalker,1,4.4
616,Crouching-Tiger-Hidden-Alien,1,4.8
617,Crown-Og,1,4.7
618,Crown-Royale,1,4.7
619,Crunch-Berry-Kush,3,4.4
620,Crypt,3,4.4
621,Crystal-Coma,2,4.6
622,Crystal-Gayle,3,4.4
623,Crystalberry,1,4.5
624,Cuvee,1,4.5
625,Dj-Andy-Williams,2,5
626,Dj-Short-Blueberry,1,4.4
627,Dj-Smoke,3,4
628,Dairy-Queen,3,4.4
629,Dakini-Kush,1,4.5
630,Damn-Sour,2,4
631,Damnesia,3,4.2
632,Dance-World,2,4.6
633,Dancehall,3,4.6
634,Dank-Schrader,1,4.9
635,Dank-Sinatra,3,5
636,Double-D,1,4.3
637,Dark-Blue-Dream,3,4.6
638,Dark-Side-Of-The-Moon,1,4.6
639,Dark-Star,1,4.4
640,Darkside-Og,1,4.6
641,Darth-Vader-Og,1,4.4
642,Dawgs-Waltz,3,4.6
643,Dawgfather-Og,3,4.1
644,Day-Tripper,3,4
645,Deadhead-Og,3,4.4
646,Deadwood,1,3.9
647,Death-Bubba,1,4.7
648,Death-Star,1,4.6
649,Deathstar-Og,1,4.6
650,Deep-Cheese,3,4.3
651,Deep-Chunk,1,4.3
652,Deep-Purple,1,3.9
653,Deep-Sleep,1,4.5
654,Delahaze,2,4.5
655,Denver-Maple,1,4.4
656,Desert-Star,3,4.8
657,Destroyer,2,4.9
658,Devil-Fruit,1,4.4
659,Devils-Tit,2,4.1
660,Diablo,1,4.1
661,Diamond-Og,1,4.5
662,Diamond-Socks,3,4.3
663,Diamond-Valley-Kush,3,5
664,Diesel-Duff,3,3.8
665,Dieseltonic,3,4.1
666,Digweed,1,3.9
667,Dinachem,3,4.7
668,Dirty-Girl,2,4.5
669,Dirty-Old-Bastard,1,5
670,Dirty-Widow,3,4.2
671,Disney-Blue,3,4.5
672,Dizzy-Og,3,5
673,Django,2,4.6
674,Do-Over-Og,3,4.7
675,Do-Si-Dos,1,4.8
676,Doctor-Doctor,2,5
677,Dog-Shit,3,4.3
678,Dogwalker-Og,3,4.7
679,Dolla-Sign-Og-Kush,1,5
680,Domino,1,4
681,Don-Shula,3,5
682,Donegal,3,3.8
683,Donna-Og,3,4.6
684,Doobiebird-Daydream,3,4.6
685,Doox,2,4.4
686,Dopium,3,4.5
687,Dorit,1,4.4
688,Double-Barrel-Og,3,4.2
689,Double-Diesel,2,4.2
690,Double-Dream,3,4.5
691,Double-Dutch,3,4.3
692,Double-Mint,1,5
693,Double-Og,1,4.6
694,Double-Purple-Doja,1,4.7
695,Double-Tangie-Banana,3,4.4
696,Double-Tap,1,5
697,Dougs-Varin,2,5
698,Dr-Bubbles,3,4
699,Dr-Feelgood,3,4.5
700,Dr-Funk,1,4.6
701,Dr-Grinspoon,2,4.8
702,Dr-Quantum,3,0
703,Dr-Who,3,4.5
704,Dragon-Og,3,4.4
705,Dragons-Breath,3,4.6
706,Dreadlock,3,4
707,Dream-Beaver,2,4.7
708,Dream-Berry,1,4.5
709,Dream-Lotus,3,4.3
710,Dream-Police,3,3.7
711,Dream-Queen,3,4.3
712,Dream-Star,3,4.8
713,Dreamers-Glass,3,4.4
714,Drizella,2,4.8
715,Duke-Nukem,3,4.4
716,Durban-Berry,3,4.6
717,Durban-Cheese,3,4.2
718,Durban-Cookies,2,4.5
719,Durban-Poison,2,4.4
720,Durga-Mata,1,4.9
721,Dutch-Crunch,3,4.2
722,Dutch-Dragon,2,4.5
723,Dutch-Hawaiian,2,4.3
724,Dutch-Haze,2,4
725,Dutch-Kush,1,3.9
726,Dutch-Queen,3,4.4
727,Dutch-Thunder-Fuck,3,4.9
728,Dutch-Treat,3,4.3
729,Dutch-Treat-Haze,3,4.5
730,Dutchberry,3,4.5
731,Dynamite,1,4.4
732,Early-Girl,1,3.8
733,Early-Miss,3,3.9
734,Early-Pearl,2,3.9
735,Early-Skunk,3,4.1
736,Earth-Og,3,4.2
737,Earthquake,3,4.5
738,Earthshaker-Og,3,4.4
739,East-Coast-Alien,2,4.4
740,East-Coast-Sour-Diesel,2,4.3
741,Eastern-European,1,5
742,Easy-Bud,3,4.7
743,Easy-Peezy,3,4.5
744,Ebola-7,3,4.5
745,Ecto-Cooler,3,4.4
746,Ed-Rosenthal-Super-Bud,3,4.3
747,Edelweiss,1,4.1
748,El-Chapo-Og,1,4.7
749,El-Jeffe,1,4.7
750,El-Nino,3,3.8
751,El-Perro,3,4.9
752,El-Na,3,5
753,Elderberry-Kush,3,4.1
754,Electric-Black-Mamba,1,5
755,Electric-Kool-Aid,3,4.8
756,Electric-Lemon-G,2,4.2
757,Electric-Lemonade,2,4.8
758,Elephant,2,4
759,Elmers-Glue,3,4.8
760,Elphinstone,2,4.5
761,Elvis,3,4.6
762,Emerald-Jack,2,4.4
763,Emerald-Og,1,4.7
764,Emperor-Cookie-Dough,3,4.9
765,Endless-Sky,1,4.5
766,Enemy-Of-The-State,1,4.1
767,Enigma,1,4.6
768,Eran-Almog,1,4.3
769,Erdpurt,1,0
770,Erez,1,4.3
771,Ether,1,3.5
772,Ethiopian,2,3
773,Euphoria,2,4.3
774,Eugene-Cream,3,4.6
775,Euphoria-Cookies,3,5
776,Everlast,1,4.6
777,Ewok,3,4.6
778,Exodus-Cheese,3,4.3
779,Extreme-Cream,1,4.8
780,Extreme-Og,1,4.9
781,Fn-Louzer,1,0
782,Face-Off-Og,1,4.8
783,Fallen-Angel,1,5
784,False-Teeth,3,5
785,Fast-Eddy,3,4.2
786,Fat-Axl,3,4.3
787,Fat-Nelson,3,4.6
788,Fat-Purple,1,4.7
789,Faygo-Red-Pop,1,4.8
790,Fighting-Buddha,2,5
791,Fire-Alien-Kush,3,4.5
792,Fire-Alien-Strawberry,3,4
793,Fire-Haze,2,4.2
794,Fire-Og,3,4.4
795,Firewalker-Og,2,4.3
796,First-48,3,4
797,Flaming-Cookies,1,4.2
798,Flo,3,4.2
799,Flo-Limone,2,4.8
800,Flo-Og,1,4.6
801,Flo-Walker,3,4.8
802,Flowerbomb-Kush,1,4.6
803,Flowers-For-Algernon,3,5
804,Forbidden-Fruit,1,4.6
805,Fortune-Cookies,3,4.6
806,Four-Cups,3,5
807,Four-Star-General,3,4.8
808,Four-Way,1,5
809,Franks-Gift,3,3.9
810,Frankenstein,1,4.4
811,Fred-Flipn-Stoned,1,5
812,Freezeland,1,3.6
813,Frida,1,4.9
814,Frisian-Dew,3,4.2
815,Frisian-Duck,3,4.4
816,Frostbite,2,4.3
817,Frosted-Freak,3,4.8
818,Frosty,1,4.4
819,Frosty-Jesus,3,5
820,Fruit-Loops,3,4.5
821,Fruit-Punch,2,4.6
822,Fruit-Spirit,3,4.4
823,Fruity-Chronic-Juice,1,4.2
824,Fruity-Pebbles,3,4.4
825,Fruity-Widow,3,4.9
826,Fruitylicious,1,4
827,Fucking-Incredible,1,4.3
828,Full-Moon,2,4.9
829,Funfetti,3,4.8
830,Funky-Monkey,1,4.4
831,Future,3,4.8
832,G-Force,1,5
833,Goat,3,4.4
834,G-13,1,4.4
835,G13-Diesel,3,4.8
836,G13-Haze,3,4.4
837,G13-Widow,3,4.8
838,Gg-1,3,4.5
839,Gg-4,3,4.7
840,Gg-5,3,4.5
841,Gi-001,3,5
842,Griz-Kush,3,4.5
843,Gsc,3,4.5
844,Gto,3,4
845,Gabriel-Sherbet,3,5
846,Galactic-Jack,2,4.6
847,Galactica-Og,1,5
848,Game-Changer,3,4.5
849,Gandalf-Og,1,4.9
850,Ganesh-Berry,3,4.6
851,Garlic-Bud,1,4.1
852,Gas-Mask,1,4.2
853,Gatekeeper-Og,3,5
854,Gelato,3,4.7
855,Gemstone,3,4.8
856,Georgia-Pine,3,4.8
857,Ghost-Bubba,3,4.6
858,Ghost-Cookies,3,4.8
859,Ghost-Og,3,4.5
860,Ghost-Og-Moonshine,1,4.8
861,Ghost-Ship,1,4
862,Ghost-Train-Haze,2,4.6
863,Gigabud,1,4.4
864,Ginger-Ale,3,4.9
865,Glad-Max,3,4.3
866,Glass-Apple,3,4.8
867,Glass-Slipper,3,4.3
868,Glue-Tech,3,4.6
869,Go-Time,3,4.3
870,Gobbilygoo,1,4.5
871,Gobbstopper,1,4.5
872,God-Bud,1,4.3
873,Gods-Gift,1,4.5
874,Gods-Green-Crack,3,4.5
875,Godberry,1,4.6
876,Godfather-Og,1,4.6
877,Godfather-Purple-Kush,1,4.3
878,Godzilla,1,4.3
879,Godzilla-Blood,3,0
880,Godzilla-Glue,3,4.7
881,Gods-Bubba,1,4.7
882,Gods-Treat,1,4.7
883,Gog-Magog,1,4.5
884,Goji-Diesel,3,4.8
885,Goji-Og,3,4.5
886,Gold-Kings-Thai,2,4.5
887,Goldberry,1,4.5
888,Golden-Calyx,2,5
889,Golden-Gage,3,4.4
890,Golden-Goat,3,4.5
891,Golden-Lemon,3,4.7
892,Golden-Nugget,3,4.8
893,Golden-Panda,3,4.6
894,Golden-Pineapple,3,4.5
895,Golden-Soda,3,0
896,Golden-State-Banana,1,4.8
897,Golden-Tangie,2,3.5
898,Golden-Ticket,3,4.5
899,Golden-Tiger,2,5
900,Goldwing,2,4.7
901,Goo,1,4.3
902,Gooberry,1,4.3
903,Good-Medicine,3,4.3
904,Gorilla-Biscuit,1,4.7
905,Gorilla-Cookies,3,4.8
906,Gorilla-Grips,1,5
907,Gorkle,2,5
908,Government-Mule,1,4
909,Grand-Doggy-Purps,1,4.4
910,Grand-Hindu,1,4.6
911,Grand-Hustle,3,4.1
912,Granddaddy-Purple,1,4.4
913,Grandmas-Batch,3,4.8
914,Grandmas-Sugar-Cookies,1,5
915,Grandpa-Larry-Og,1,4.4
916,Grandpas-Breath,1,4.7
917,Grape-Ape,1,4.3
918,Grape-Calyx,3,5
919,Grape-Cookies,1,4.6
920,Grape-Crush,3,4.3
921,Grape-Dawg,3,0
922,Grape-Drink,1,4.7
923,Grape-God,3,4.3
924,Grape-Inferno,1,4.5
925,Grape-Krush,1,4.3
926,Grape-Kush,3,3.9
927,Grape-Ox,1,4.6
928,Grape-Skunk,1,4.1
929,Grape-Soda,3,4.9
930,Sour-Grapes,3,4.4
931,Grape-Valley-Kush,1,4.8
932,Grapefruit,2,4.3
933,Grapefruit-Diesel,3,4.2
934,Grapefruit-Haze,2,4.4
935,Grapefruit-Kush,3,4.3
936,Gravity,1,4
937,Grease-Monkey,3,4.6
938,White-Shark,2,4.2
939,Green-Avenger,3,5
940,Green-Candy,2,4.3
941,Green-Cheese,3,4.1
942,Green-Crack,2,4.3
943,Green-Crack-Extreme,2,4.6
944,Green-Door-Kush,3,4.5
945,Green-Dragon,1,4.2
946,Green-Dream,3,4.4
947,Green-Goblin,2,4.3
948,Green-Goddess,3,4.6
949,Green-Haze,2,3.8
950,Green-Hornet,3,4.2
951,Green-Kush,1,3.8
952,Green-Lantern,2,4.6
953,Green-Line-Og,3,5
954,Green-Love-Potion,1,4.1
955,Green-Mango,1,4.4
956,Green-Monster,3,3.7
957,Green-Poison,1,4.2
958,Green-Python,1,4.3
959,Green-Queen,3,4.2
960,Green-Ribbon,3,4.2
961,Gremlin,3,4.4
962,Grilled-Cheese,3,4.7
963,Grimace,1,4.4
964,Grimace-Og,1,4.3
965,Grimmdica,1,5
966,Guard-Dawg,1,4.2
967,Guava-Chem,3,4.5
968,Guava-Gelato,3,4.3
969,Guava-Kush,3,4.1
970,Gucci-Og,3,4.7
971,Guido-Kush,1,4.1
972,Gumbo,1,4.6
973,Gummo,3,5
974,Gummy-Bears,3,4.2
975,Gupta-Haze,3,5
976,Gupta-Kush,3,4.3
977,Guptilla,3,5
978,Gutbuster,1,4.5
979,Hades-Haze,1,4.7
980,Haleighs-Hope,3,4.8
981,Hammerhead,1,5
982,Hannibal-Nectar,1,0
983,Haole,3,4.1
984,Haoma,1,4.8
985,Haoma-Mist,3,5
986,Hardcore-Og,1,4.6
987,Harle-Tsu,3,4.4
988,Harlequin,2,4.3
989,Harlequin-Gdp,3,4.2
990,Harley-Storm,2,4.8
991,Harley-Twin,2,5
992,Harmonia,1,4.3
993,Harmony,3,4.4
994,Harry-Potter,3,4.8
995,Hash-Plant,1,4.2
996,Hashbar-Og,1,4.5
997,Hashberry,1,4.3
998,Hashplant-Haze,2,4.4
999,Hawaiian,2,4.2
1000,Hawaiian-Cookies,3,4.6
1001,Hawaiian-Delight,1,3.8
1002,Hawaiian-Diesel,2,4.2
1003,Hawaiian-Dream,2,4.4
1004,Hawaiian-Fire,3,4.4
1005,Hawaiian-Haze,2,4.4
1006,Hawaiian-Mayan-Gold,2,5
1007,Hawaiian-Punch,2,4.4
1008,Hawaiian-Purple-Kush,1,4.5
1009,Hawaiian-Sativa,2,4.2
1010,Hawaiian-Skunk,3,4.2
1011,Hawaiian-Snow,2,4.5
1012,Hawaiian-Sunrise,3,4.1
1013,Hawaiian-Thunder-Fuck,3,4
1014,Hawaiian-Trinity,3,5
1015,Hawaii-78,2,4.8
1016,Hayleys-Haze,2,0
1017,Haze,2,4.2
1018,Haze-Berry,2,4.2
1019,Haze-Heaven,3,4.5
1020,Haze-Mist,2,4
1021,Haze-Wreck,2,4.6
1022,Head-Cheese,3,4.6
1023,Head-Trip,3,4.3
1024,Headband,3,4.3
1025,Headbanger,3,4.4
1026,Heaven-Scent,3,4.8
1027,Heavy-Duty-Fruity,3,4.1
1028,Heisenberg-Kush,2,4.4
1029,Hell-Raiser-Og,3,4.8
1030,Hells-Angel-Og,3,4.5
1031,Hellfire-Og,3,4.5
1032,Hemlock,3,4.5
1033,Hempstar,2,4.3
1034,Hercules,3,4.8
1035,Herojuana,1,4.4
1036,Hibiscus-Sunrise,3,4.5
1037,Higher-Power,2,4.8
1038,Highwayman,3,3.8
1039,Himalayan-Blackberry,1,4.9
1040,Himalayan-Gold,3,4.2
1041,Hindu-Kush,1,4.3
1042,Hindu-Skunk,1,4.2
1043,Hippie-Chicken,2,4.3
1044,Hippie-Crippler,3,4.3
1045,Hoarfrost,3,4.8
1046,Hobbit,3,4.3
1047,Hogs-Breath,1,4.2
1048,Hollands-Hope,1,4.2
1049,Hollywood-Og,3,4.4
1050,Holy-Ghost,3,4.6
1051,Holy-Grail-Kush,3,4.5
1052,Honduras,2,3
1053,Honey-Bananas,3,4.7
1054,Honey-Boo-Boo,1,4.7
1055,Honey-Rock,3,4
1056,Hong-Kong,3,4.5
1057,Hoodwreck,2,4.2
1058,Huckleberry,3,4.2
1059,Huckleberry-Hound,3,5
1060,Hulkamania,1,4.5
1061,Humboldt,3,4.3
1062,Humboldt-Dream,1,4.8
1063,Humboldt-Headband,1,4.8
1064,Hurkle,3,4.7
1065,Hurricane,2,4.3
1066,Hustler-Kush,3,4.7
1067,I-95,3,4
1068,Iced-Grapefruit,3,4.3
1069,Ifc-Og,1,0
1070,Ig-Kush,3,4.5
1071,Ice,3,4.1
1072,Ice-Cream,3,4.1
1073,Ice-Princess,3,5
1074,Ice-Queen,3,4.6
1075,Ice-Wreck,3,4.3
1076,Iced-Widow,1,4.4
1077,Ill-Og,1,3.7
1078,Illuminati-Og,1,4.7
1079,In-The-Pines,2,4.4
1080,Incredible-Bulk,1,4.5
1081,Incredible-Hulk,2,4.5
1082,Industrial-Plant,3,4.1
1083,Ingrid,1,4.3
1084,Intergalactic,3,0
1085,Irene-Kush,3,4.6
1086,Irish-Cream,1,4
1087,Iron-Triangle,3,4.2
1088,Island-Haze,2,4.8
1089,Island-Maui-Haze,2,4.5
1090,Island-Sweet-Skunk,2,4.3
1091,Js-Famous-Kush,3,4
1092,J-27,2,4.2
1093,J1,3,4.5
1094,Jt15,1,5
1095,Jack-47,3,4.7
1096,Jack-Burton,1,4.5
1097,Jack-Diesel,2,4.2
1098,Jack-Flash,3,4.2
1099,Jack-Frost,3,4.4
1100,Jack-Haze,3,4.1
1101,Jack-Herer,2,4.4
1102,Jack-Kush,3,4.1
1103,Jack-Skellington,2,4.7
1104,Jack-Smack,2,5
1105,Jack-Widow,3,4.2
1106,Jack-Wreck,2,4.5
1107,Jack-The-Ripper,2,4.2
1108,Jacks-Cleaner,2,4.2
1109,Jacks-Dream,3,4.3
1110,Jackalope,2,4.2
1111,Jacked-Up,3,4.1
1112,Jacky-Girl,3,0
1113,Jacky-White,2,4.4
1114,Jah-Kush,3,4.6
1115,Jahwaiian,2,4.7
1116,Jamaican,2,4.3
1117,Jamaican-Dream,2,4.5
1118,Jamaican-Lion,2,4.7
1119,Jamaican-Pearl,2,4.2
1120,Jamba-Juice,3,5
1121,Jane-Doe,3,4.3
1122,Jasmin,3,4.6
1123,Jawa-Pie,1,4.5
1124,Jazz,3,4.3
1125,Jean-Guy,3,4.4
1126,Jedi-Kush,1,4.5
1127,Jelly-Roll,1,4.8
1128,Jenni,2,4.8
1129,Jenny-Kush,3,4.6
1130,Jericho-Haze,2,5
1131,Jesses-Girl,1,4.8
1132,Jesus,3,4.5
1133,Jesus-Og,2,4.6
1134,Jet-Fuel,3,4.6
1135,Jilly-Dawg,3,5
1136,Jillybean,3,4.3
1137,Jimi-Hendrix,3,4.7
1138,Jock-Horror,2,4.1
1139,Johnnys-Tonic,2,4.9
1140,Joliet-Jake,1,4.8
1141,Jolly-Rancher,3,4.3
1142,Josh-D-Og,1,3.7
1143,Jr,1,4.5
1144,Juicy-Fruit,3,4.1
1145,Juicy-Jack,3,4.3
1146,Juliet,3,4.5
1147,Julius-Caesar,3,4.5
1148,Jungle-Juice,3,4.4
1149,Jupiter-Og,1,4.4
1150,K-Train,1,4.4
1151,K1,3,4.1
1152,K2,3,4
1153,Kc-33,3,4.4
1154,Kc-36,1,4.2
1155,Kt-Dawg,3,4.8
1156,Kaboom,2,4.5
1157,Kahuna,1,4.2
1158,Kaia-Kush,3,4.7
1159,Kalalau-Kush,3,5
1160,Kalashnikova,3,4.3
1161,Kaleidos-Dope,3,4
1162,Kali-47,2,5
1163,Kali-China,1,4.2
1164,Kali-Dog,3,4.8
1165,Kali-Mist,2,4.1
1166,Kandahar,1,4.7
1167,Kandy-Kush,3,4.3
1168,Kaptns-Grand-Dream,3,4
1169,Karma-Bitch,3,4.4
1170,Katsu-Bubba-Kush,1,4.4
1171,Katsu-Kush,1,4.1
1172,Kauai-Electric,2,4.8
1173,Kelly-Hill-Gold,1,5
1174,Kens-Kush,3,4.2
1175,Kerala-Krush,2,4.6
1176,Key-Lime-Pie,3,4.5
1177,Khalifa-Kush,3,4.7
1178,Khola,3,4.2
1179,Khufu,1,4.2
1180,Kid-N-Cookies,3,4.6
1181,Kilimanjaro,2,4.5
1182,Kill-Bill,3,4.4
1183,Killer-Grape,3,4.6
1184,Killer-Queen,3,4.3
1185,Killing-Fields,2,4.5
1186,Kimbo-Kush,3,4.5
1187,King-Cake,3,4.8
1188,King-Kong,3,4.2
1189,King-Louis,1,4.6
1190,Kings-Bread,2,4.2
1191,King-Kush,1,4.3
1192,Kiss,3,4
1193,Kiwiskunk,1,3.9
1194,Kobain-Kush,1,4.3
1195,Kona-Gold,2,4.4
1196,Kong,3,4.7
1197,Kool-Aid-Smile,1,4.8
1198,Kosher-Kush,1,4.5
1199,Kosher-Tangie,3,4.5
1200,Krakatoa,3,4
1201,Kraken,1,4.4
1202,Krishna-Kush,1,4.9
1203,Kryptonite,1,4.3
1204,Kuato,3,5
1205,Kubbie-Kush,1,3
1206,Kuchi,3,3.6
1207,Kurple-Fantasy,3,4.7
1208,Kush-Cleaner,3,4.6
1209,Kush-Rise,3,3.5
1210,Kush-N-Cheese,3,4
1211,Kushadelic,1,4.5
1212,Kushage,3,4.4
1213,Kushashima,3,4
1214,Kushberry,1,4.3
1215,Leagle-Eagle,3,4.7
1216,La-Sunshine,3,4.7
1217,Lak-Federal-Reserve,1,5
1218,La-Chocolat,3,4.5
1219,La-Confidential,1,4.3
1220,La-Jack,3,3.7
1221,La-Kookies,3,4.7
1222,La-Kush,3,4.5
1223,La-Og,1,4.4
1224,La-Ultra,1,4.7
1225,La-Woman,3,4.2
1226,Lapd,3,4.7
1227,Lsd,3,4.3
1228,Lvpk,3,4.6
1229,La-Nina,2,4.7
1230,Lady-Liberty,3,4.2
1231,Ladyburn-1974,3,4
1232,Lake-Of-Fire,3,4.6
1233,Lamb-S-Bread,2,4.4
1234,Lambo-Og,3,4.5
1235,Lamborghini,3,4
1236,Larry-Bird-Kush,3,4.9
1237,Larry-Og,3,4.3
1238,Las-Vegas-Purple-Kush-Bx,1,5
1239,Lashkar-Gah,1,4.7
1240,Laughing-Buddha,2,4.4
1241,Laughing-Gas,3,0
1242,Lavender,1,4.1
1243,Lavender-Haze,2,4.1
1244,Lavender-Jones,3,4.4
1245,Lazy-Train,3,0
1246,Le-Silver-Royale,3,4.5
1247,Leda-Uno,2,5
1248,Lee-Roy,1,4.7
1249,Legalized-Og,3,4.8
1250,Legend-Og,1,4.6
1251,Legend-Of-Nigeria,2,0
1252,Legendary-Lemon,2,4
1253,Lem-Chem,3,4
1254,Lemon-Alien-Dawg,3,4.5
1255,Lemon-Bananas,3,5
1256,Lemon-Bubble,2,4.6
1257,Lemon-Cake,2,4.3
1258,Lemon-Crme,2,0
1259,Lemon-Daddy,3,4.1
1260,Lemon-Diesel,3,4.2
1261,Lemon-Drop,3,4.1
1262,Lemon-Fire,3,4.7
1263,Lemon-G,2,4.4
1264,Lemon-Haze,2,4.3
1265,Lemon-Ice,2,4.6
1266,Lemon-Jack,2,4.4
1267,Lemon-Jeffery,3,4.5
1268,Lemon-Kush,3,4.1
1269,Lemon-Larry-Lavender,3,4.1
1270,Lemon-Marmalade,3,4.8
1271,Lemon-Meringue,2,4.7
1272,Lemon-Og-Haze,3,4.5
1273,Lemon-Og,3,4.3
1274,Lemon-Pie,2,4.2
1275,Lemon-Sativa,2,4.2
1276,Lemon-Skunk,3,4.3
1277,Lemon-Thai,2,4.1
1278,Lemon-Walker-Og,3,4.4
1279,Lemon-Wreck,3,4.1
1280,Lemonberry,3,4.3
1281,Lemonder,3,4.5
1282,Lemonhead-Og,3,4.9
1283,Lennon,2,0
1284,Leonidas,2,4
1285,Lethal-Purple,3,3.3
1286,Liberty-Haze,3,4.5
1287,Lifesaver,3,4.5
1288,Light-Of-Jah,2,4.6
1289,Lime-Green-Skunk,3,4.5
1290,Key-Lime-Haze,2,4.2
1291,Lime-Purple-Mist,1,4.3
1292,Lime-Skunk,2,4.8
1293,Lime-Sorbet,1,5
1294,Limon,2,4.8
1295,Lions-Gate,1,4.4
1296,Liquid-Butter,1,4.5
1297,Little-Devil,3,4.2
1298,Little-Dragon,3,5
1299,Locktite,3,4.3
1300,Locomotion,1,4.6
1301,Lodi-Dodi,3,4.5
1302,Logic-Diesel,3,4.8
1303,Longbottom-Leaf,3,4.8
1304,Lost-Coast-Og,3,4.5
1305,Lost-Sierra-Night-Nurse,3,0
1306,Loud-Dream,3,4.1
1307,Loud-Scout,3,4.4
1308,Love-Potion,2,4.4
1309,Love-Potion-9,1,4.2
1310,Lowryder,3,4.4
1311,Loyality,3,5
1312,Luca-Brasi,3,5
1313,Luca-Brasi-X-Sour-Diesel,3,4.4
1314,Lucid-Bolt,1,5
1315,Lucid-Dream,3,4.6
1316,Lucky-Charms,3,4.5
1317,Lucy,3,4.4
1318,M-39,1,3.2
1319,Mc1,3,0
1320,Milf,3,4.4
1321,Mk-Ultra,1,4.5
1322,Mad-Dawg,3,4.5
1323,Mad-Scientist,1,4.6
1324,Madagascar,1,4.1
1325,Madcow,2,3.4
1326,Madman-Og,3,4.6
1327,Madzilla,1,5
1328,Mag-Landrace,1,4.6
1329,Magic-Beans-Og,1,4.2
1330,Magic-Jordan,3,4
1331,Magnum,3,3.9
1332,Magnum-Pi,2,4.3
1333,Mai-Tai-Cookies,3,4.9
1334,Majestic-12,3,4.8
1335,Mako-Haze,2,4.2
1336,Malakoff,2,3.7
1337,Malawi,2,4.4
1338,Mammoth,3,4.5
1339,Mandala-1,3,4.3
1340,Mango,1,4.1
1341,Mango-Dream,2,3.9
1342,Mango-Habanero,3,3.5
1343,Mango-Haze,2,4.6
1344,Mango-Kush,3,4.3
1345,Mango-Tango,3,4.6
1346,Mangolicious,1,5
1347,Manitoba-Poison,3,4.5
1348,Maple-Leaf-Indica,1,4.3
1349,Maramota-10,3,5
1350,Marcosus-Marshmellow,3,3.9
1351,Margaret-Cho-G,3,4.7
1352,Marionberry-Kush,3,4.5
1353,Marleys-Collie,3,4.3
1354,Mars-Og,1,4.4
1355,Martian-Candy,3,4.7
1356,Martian-Mean-Green,3,4.2
1357,Martian-Muffins,1,0
1358,Master-Bubba,1,4.3
1359,Master-Jedi,1,4.4
1360,Master-Kush,1,4.3
1361,Master-Og,1,4.4
1362,Master-Skunk,3,4.6
1363,Master-Yoda,3,4.5
1364,Matanuska-Thunder-Fuck,2,4.3
1365,Mataro-Blue,1,4.6
1366,Matsu,1,5
1367,Mau-Mau,3,4
1368,Maui,2,4.2
1369,Maui-Berry,3,4
1370,Maui-Bubble-Gift,3,4.6
1371,Maui-Citrus-Punch,2,4.5
1372,Maui-Haole,3,4.6
1373,Maui-Mango-Diesel,3,4.3
1374,Maui-Pineapple-Chunk,3,4.7
1375,Maui-Wowie,2,4.4
1376,Mazar-I-Sharif,1,4.4
1377,Mazar-Kush,1,4.3
1378,Mean-Misty,3,4.2
1379,Medihaze,2,4.6
1380,Medibud,3,4.5
1381,Medicine-Man,3,4.4
1382,Medicine-Woman,3,4.6
1383,Medusa,3,4.1
1384,Mega-Jackpot,3,4
1385,Megalodon,2,4.4
1386,Mekamika-Haze,2,5
1387,Melon-Gum,3,4.3
1388,Memory-Loss,2,4.6
1389,Mendo-Afgoo,1,5
1390,Mendo-Breath,1,4.8
1391,Mendocino-Madness,3,4
1392,Mendocino-Purps,3,4.3
1393,Mercury-Og,1,4.4
1394,Merlot-Og,1,4.9
1395,Mexican,2,3.4
1396,Mexican-Sativa,2,3.3
1397,Michael-Phelps-Og,3,4.4
1398,Mickey-Kush,2,4.6
1399,Middlefork,3,4.6
1400,Middlefork-X-Pineapple-Express,2,4.9
1401,Midnight,3,4.4
1402,Milky-Way,1,4.7
1403,Millennium,3,4.4
1404,Mint-Chocolate-Chip,3,4.6
1405,Mission-Kush,3,4
1406,Misty-Kush,1,4.4
1407,Misty-Morning,3,4
1408,Mob-Boss,3,4.5
1409,Moby-Dick,2,4.3
1410,Mochi,3,5
1411,Molokai-Frost,1,4.8
1412,Molokai-Purpz,1,5
1413,Money-Maker,1,4.6
1414,Monkey-Paw,3,4.5
1415,Monolith,1,5
1416,Monster-Cookies,1,4.6
1417,Monster-Og,3,4.9
1418,Montana-Silvertip,3,4.6
1419,Moon-Cookies,3,4.8
1420,Moondance,2,5
1421,Moonshine-Haze,2,4.3
1422,Moonwalker-Kush,3,4.9
1423,Moose-And-Lobsta,2,4.9
1424,Morning-Glory,3,4.9
1425,Morning-Star,3,4.3
1426,Mossad,1,3.8
1427,Mossimo-Og,1,4.5
1428,Motavation,1,3.9
1429,Mother-Tongue,2,4.4
1430,Mother-Of-Berries,1,4.6
1431,Mothers-Milk,3,4.4
1432,Mothers-Finest,2,4.4
1433,Mothers-Helper,3,4.6
1434,Mountain-Girl,3,4.2
1435,Mr-Nice,1,4.2
1436,Mr-Tusk,3,4.3
1437,Ms-Universe,3,4
1438,Mt-Cook,1,5
1439,Mt-Hood-Magic,3,4.7
1440,Mt-Rainier,3,4.8
1441,Mud-Bite,1,5
1442,Murkle,1,2
1443,Nl5-Haze-Mist,2,4.3
1444,Ny-Cheese,3,4.3
1445,Ny-47,3,4.2
1446,Nyc-Diesel,3,4.2
1447,Nypd,2,4.2
1448,Narnia,2,4.8
1449,Nebula,3,4.4
1450,Nebula-Ii-Cbd,3,4.4
1451,Negra-44,1,5
1452,Nepalese,2,4.4
1453,Nepalese-Jam,3,4
1454,Neptune-Kush,1,4.3
1455,Neptune-Og,1,4.4
1456,Nevils-Wreck,2,4.4
1457,Nevilles-Haze,2,4.2
1458,Nexus-Og,1,4.8
1459,Nice-Cherry,1,4.6
1460,Nicole-Kush,1,4.9
1461,Night-Nurse,1,4.6
1462,Night-Terror-Og,1,4.6
1463,Night-Train,1,3.9
1464,Nightfire-Og,2,4.3
1465,Nightmare-Cookies,3,4.7
1466,Nina-Limone,2,5
1467,Ninja-Fruit,3,4.5
1468,Nordle,1,4.4
1469,North-American,1,4.7
1470,North-American-Sativa,2,4.8
1471,North-Indian,1,4
1472,Northernberry,1,4.6
1473,Northern-Cross,3,4
1474,Northern-Lights,1,4.4
1475,Northern-Lights--5,1,4.4
1476,Northern-Lights-5-X-Haze,2,4.4
1477,Northern-Skunk,3,4.5
1478,Northern-Wreck,1,4.8
1479,Northwest-Pineapple,3,5
1480,Nova,1,4.9
1481,Nuclear-Cookies,3,4.7
1482,Nuggetry-Og,1,3.9
1483,Nuken,1,4.5
1484,Nurse-Jackie,2,4.4
1485,Oca-Gold,1,4.8
1486,Ocas-Cloud-9,3,4.8
1487,Ocd,2,4.5
1488,Og-18,3,4.6
1489,Og-1-Kenobi,1,0
1490,Og-Cheese,3,4.4
1491,Og-Chem,3,4.5
1492,Og-Diesel-Kush,3,4.4
1493,Og-Eddy-Lepp,1,4
1494,Og-Glue-Sniffer,3,5
1495,Og-Kush,3,4.3
1496,Og-La-Affie,1,4.8
1497,Og-Los-Angeles-Kush,1,4.7
1498,Og-Poison,3,4.3
1499,Og-Ringo,3,4.5
1500,Og-Shark,3,4.5
1501,Og-Skunk,3,4.8
1502,Og-Sour-Diesel,3,3.5
1503,Og-Strawberry,3,4.4
1504,Og-Tonic,3,4.5
1505,Og-Wreck,3,4.3
1506,Ogs-Pearl,1,4.2
1507,Ogiesel,3,4.2
1508,Obama-Kush,1,4.4
1509,Odyssey,3,4.3
1510,Ogre,3,4.1
1511,Ogre-Berry,1,4.3
1512,Old-Lyme-Connecticut-Og,3,4.5
1513,Old-Mother-Sativa,2,4
1514,Old-School-Og,3,3.8
1515,Old-Toby,3,4.2
1516,Oldtimers-Haze,2,5
1517,Omega,3,4.8
1518,Omega-Dawg,3,4.4
1519,One-To-One,3,4.7
1520,Opal-Og-Kush,1,4.5
1521,Opium,3,4.8
1522,Or,3,4.4
1523,Orange-Afghani,1,4.5
1524,Orange-Blossom,3,4.6
1525,Orange-Bud,3,4.3
1526,Orange-Cookies,3,4.6
1527,Orange-Creamsicle,3,4.8
1528,Orange-Crush,3,4.2
1529,Orange-Diesel,3,4.4
1530,Orange-Dream,3,4.1
1531,Orange-Durban,2,4.8
1532,Orange-Haze,3,4.4
1533,Orange-Hill-Special,3,4.9
1534,Orange-Juice,3,4.4
1535,Orange-Kush,1,4.1
1536,Orange-Kush-Breath,3,0
1537,Orange-Romulan,1,4
1538,Orange-Skunk,3,4.1
1539,Orange-Turbo,3,4.3
1540,Orange-Velvet,3,4.3
1541,Orange-Wreck,2,3
1542,Oregon-Diesel,1,4.5
1543,Oregon-Pineapple,3,4.2
1544,Oregon-Pinot-Noir,2,4.6
1545,Organic-Diesel,3,4.5
1546,Orient-Express,3,4.5
1547,Ortega,1,4.8
1548,Oteils-Egyptian-Kush,3,4.8
1549,Outer-Space,2,4.7
1550,Outlaw,2,4.5
1551,Ogezus,1,4.5
1552,P-51,1,4.4
1553,P-91,3,4.5
1554,Pvc-Og,1,4.5
1555,Pacific-Blue,1,5
1556,Pagoda,2,5
1557,Pakistan-Valley-Kush,1,5
1558,Pakistani-Chitral-Kush,1,4.7
1559,Pamelina,1,4.8
1560,Panama-Punch,2,4.9
1561,Panama-Red,2,4.3
1562,Panda-Og,3,4.4
1563,Pandoras-Box,2,4.3
1564,Papas-Og,1,4.7
1565,Papaya,1,4.2
1566,Paris-Og,1,4.6
1567,Paris-Xxx,1,4.5
1568,Patti-Cake,3,0
1569,Peaches-And-Cream,3,4.7
1570,Pearl-Scout-Cookies,3,4.7
1571,Peles-Fire-Og,3,5
1572,Pennywise,1,4.5
1573,Peppermint-Cookies,3,4.7
1574,Permafrost,3,4.2
1575,Pestilence,1,0
1576,Petrolia-Headstash,1,4.6
1577,Peyote-Cookies,1,4.9
1578,Peyton-Manning,3,0
1579,Pez,1,4.3
1580,Phantom-Arrow,1,5
1581,Phantom-Cookies,3,4.6
1582,Phantom-Og,1,4.4
1583,Phatt-Frutty,1,4.5
1584,Phishhead-Kush,1,5
1585,Pie-Face-Og,3,4.5
1586,Pine-Cone,3,4.5
1587,Pine-Queen-Dream,3,4.7
1588,Pine-Tar-Kush,1,4.5
1589,Pineapple,3,4.2
1590,Pineapple-Calyx,3,0
1591,Pineapple-Chunk,3,4.5
1592,Pineapple-Cookies,3,4
1593,Pineapple-Diesel,3,4.4
1594,Pineapple-Dog-Shit,3,4.2
1595,Pineapple-Express,3,4.4
1596,Pineapple-Fields,2,4.3
1597,Pineapple-Haze,2,4.2
1598,Pineapple-Jack,2,4.4
1599,Pineapple-Kush,3,4.2
1600,Pineapple-Og,2,4.6
1601,Pineapple-Punch,2,4.5
1602,Pineapple-Purple-Skunk,3,4.5
1603,Pineapple-Purps,2,4.4
1604,Pineapple-Sage,2,5
1605,Pineapple-Skunk,3,4.4
1606,Pineapple-Super-Silver-Haze,2,4.7
1607,Pineapple-Thai,2,4
1608,Pineapple-Trainwreck,3,4.1
1609,Pineapple-Upside-Down-Cake,3,5
1610,Pink-Berry,1,4
1611,Pink-Bubba,1,4.4
1612,Pink-Champagne,1,4.8
1613,Pink-Cookies,3,4.5
1614,Pink-Death-Star,1,4.7
1615,Pink-Hawaiian,3,4.8
1616,Pink-Kush,3,4.5
1617,Pink-Lemonade,3,4.5
1618,Pink-Mango,3,4.5
1619,Pink-Panther,3,4.4
1620,Pink-Pez,3,4.1
1621,Pink-Starburst,3,4.1
1622,Pink-Sunset,1,4.6
1623,Pinot-Green,2,4.2
1624,Pitbull,1,4.3
1625,Pia-Collision,2,0
1626,Platinum-Bubba-Kush,1,4.5
1627,Platinum-Calyx,3,5
1628,Platinum-Gsc,3,4.6
1629,Platinum-Huckleberry-Cookies,3,4.8
1630,Platinum-Kush,1,4.4
1631,Platinum-Og,1,4.4
1632,Platinum-Purple-Kush,1,4.3
1633,Platinum-Sour-Diesel,3,5
1634,Platinum-Wreck,3,4.1
1635,Plushberry,1,4.3
1636,Pluto-Kush,1,3.9
1637,Poison-Haze,2,4.1
1638,Pokie,1,3.5
1639,Poochie-Love,2,4
1640,Pop-Rox,3,4.3
1641,Popcorn-Kush,1,4.2
1642,Pot-Of-Gold,1,4.2
1643,Power-Kush,1,4
1644,Power-Plant,2,4.2
1645,Pre-98-Bubba-Kush,1,4.4
1646,Predator-Pink,3,4.7
1647,Presidential-Og,1,4.5
1648,Primus,1,4.7
1649,Princesss-Tiara,3,4.7
1650,Professor-Chaos,3,4.6
1651,Project-Blue-Book,3,4.6
1652,Proper-Pho-Shatter-S,2,0
1653,Proper-Pho-Shatter-H,3,0
1654,Proper-Pho-Shatter-I,1,0
1655,Puna-Buddaz,1,5
1656,Puna-Budder,3,4.8
1657,Punky-Lion,1,4.5
1658,Pure-Afghan,1,4.7
1659,Pure-Kush,1,4.4
1660,Pure-Love,1,4.8
1661,Pure-Og,1,4.1
1662,Pure-Power-Plant,3,4.4
1663,Purple-Ak-47,3,4.3
1664,Purple-Afghani,1,4.2
1665,Purple-Alien-Og,3,4.7
1666,Purple-Animal-Cookies,3,0
1667,Purple-Arrow,3,4.2
1668,Purple-Aurora,3,5
1669,Purple-Berry,1,4.4
1670,Purple-Bubba,1,4.4
1671,Purple-Bud,1,4.2
1672,Purple-Buddha,1,4.4
1673,Purple-Bush,1,4.8
1674,Purple-Candy,1,4.4
1675,Purple-Champagne,2,4.4
1676,Purple-Cheddar,1,4.5
1677,Purple-Cheese,3,4.3
1678,Purple-Chemdawg,1,4.5
1679,Purple-Cotton-Candy,1,4.6
1680,Purple-Cow,2,4.5
1681,Purple-Crack,3,4.3
1682,Purple-Cream,1,4.3
1683,Purple-Diesel,3,4.2
1684,Purple-Dog-Shit,3,4.8
1685,Purple-Dragon,1,4.3
1686,Purple-Dream,3,4.4
1687,Purple-Elephant,1,4.2
1688,Purple-Frost,3,0
1689,Purple-Goat,3,3.5
1690,Purple-Goo,1,4.5
1691,Purple-Gorilla,3,4.3
1692,Purple-Hashplant,3,4.2
1693,Purple-Haze,2,4.3
1694,Purple-Headband,3,4.3
1695,Purple-Hindu-Kush,1,4.6
1696,Purple-Ice,3,4.4
1697,Purple-Jack,3,4.3
1698,Purple-Jolly-Rancher,1,4.4
1699,Purple-Kush,1,4.3
1700,Purple-Linda,1,5
1701,Purple-Martian-Kush,1,4.5
1702,Purple-Maui,3,4.1
1703,Purple-Monkey-Balls,1,4.6
1704,Purple-Mr-Nice,1,4.2
1705,Purple-Nepal,1,4.2
1706,Purple-Og-Kush,1,4.4
1707,Purple-Pantera,3,4.8
1708,Purple-Panty-Dropper,1,4.3
1709,Purple-Paralysis,3,4.6
1710,Purple-Passion,1,4.4
1711,Purple-People-Eater,1,4.1
1712,Purple-Pinecone,1,4.6
1713,Purple-Power,2,4.4
1714,Purple-Princess,3,4.2
1715,Purple-Punch,1,4.6
1716,Purple-Raine,3,4.5
1717,Purple-Rhino,3,4.8
1718,Purple-Sage,3,3.6
1719,Purple-Skunk,3,4.3
1720,Purple-Sour-Diesel,3,4.3
1721,Purple-Star,1,4.6
1722,Purple-Swish,1,5
1723,Purple-Tangie,2,4.5
1724,Purple-Tears,3,5
1725,Purple-Thai,2,4.6
1726,Purple-Tide,3,1
1727,Purple-Tonic,1,3.2
1728,Purple-Trainwreck,3,4.2
1729,Purple-Urkle,1,4.4
1730,Purple-Voodoo,3,4.4
1731,Purple-Widow,3,4.6
1732,Purple-Wreck,1,4.3
1733,Q3,2,3.6
1734,Qleaner,3,4.4
1735,Qrazy-Train,3,4.3
1736,Quantum-Kush,2,4.7
1737,Quebec-Gold,3,4.4
1738,Queens-Panties,3,3
1739,Querkle,1,4.3
1740,Queso,3,5
1741,Quin-N-Tonic,1,4.6
1742,Qush,1,4.5
1743,R-4,3,5
1744,Race-Fuel-Og,3,4.5
1745,Rafael,2,5
1746,Rainbow,3,4.5
1747,Rainbow-Jones,1,5
1748,Raindance,3,5
1749,Rare-Dankness-1,1,4.8
1750,Rare-Darkness,1,0
1751,Raskal-Og,3,4.1
1752,Raspberry-Cough,2,4.4
1753,Raspberry-Kush,1,4.2
1754,Raw-Diesel,3,3.1
1755,Ray-Charles,1,4.5
1756,Rebel-Berry-Og,3,5
1757,Rebel-God-Smoke,2,5
1758,Rebel-Tangie-Kandy,2,0
1759,Reclining-Buddha,1,4.9
1760,Recon,1,4.2
1761,Red-Cherry-Berry,3,4
1762,Red-Congolese,2,4.6
1763,Red-Diesel,3,4.2
1764,Red-Dragon,3,4.2
1765,Red-Dwarf,1,4.3
1766,Red-Eye-Og,1,4.4
1767,Red-Haze,2,4.3
1768,Red-Headed-Stranger,2,4.5
1769,Red-Poison,3,4.7
1770,Red-Velvet-Pie,3,0
1771,Red-Widow,3,3.2
1772,Redd-Cross,3,5
1773,Redding-Og,3,4.3
1774,Redwood-Kush,1,4.4
1775,Remedy,1,4.6
1776,Remo-Chemo,3,5
1777,Rene,3,4.3
1778,Rene-Mist,3,3.7
1779,Richie-Rich,3,4.3
1780,Riddler-Og,3,4.7
1781,Ridge-Berry,2,5
1782,Rigger-Kush,1,0
1783,Ringos-Gift,3,4.7
1784,Rip-City-Purps,1,4.2
1785,Ripped-Bubba,3,4.2
1786,Rob-Ford-Kush,3,4.6
1787,Robert-Plant,2,4.5
1788,Rockbud,1,4.2
1789,Rocklock,1,4.6
1790,Rockstar,1,4.3
1791,Rockstar-Kush,1,4.2
1792,Rockstar-Master-Kush,1,4.2
1793,Rocky-Dennis,3,5
1794,Rocky-Mountain-Blueberry,1,4.6
1795,Rocky-Mountain-High,3,4.3
1796,Rollex-Og-Kush,1,4.7
1797,Rolls-Choice,3,4.8
1798,Romping-Goddess,3,4
1799,Romulan,1,4.2
1800,Romulan-Grapefruit,3,4.3
1801,Romulan-Haze,3,4.5
1802,Root-Beer-Kush,2,3.8
1803,Rose-Bud,1,4.2
1804,Royal-Chemdawg,3,4.3
1805,Royal-Dwarf,3,4.4
1806,Royal-Haze,2,4.6
1807,Royal-Highness,3,4.8
1808,Royal-Kush,3,4.2
1809,Royal-Tree-Sherbet,3,5
1810,Rubicon,3,4.5
1811,Rudeboi-Og,3,4.8
1812,Rug-Burn-Og,3,4.4
1813,Russian-Assassin,1,4.9
1814,Russian-Rocket-Fuel,3,4.1
1815,Sage,3,4.2
1816,Sfv-Dog,3,4.5
1817,Sfv-Og,3,4.4
1818,Sfv-Og-Kush,1,4.5
1819,Sage-N-Sour,2,4.2
1820,Salmon-River-Og,1,4.4
1821,Santa-Maria,2,4.4
1822,Santa-Sativa,2,4.3
1823,Sapphire-Scout,3,4.6
1824,Sapphire-Star,3,4.5
1825,Sasquatch-Sap,3,4.8
1826,Satellite-Og,1,4.9
1827,Satori,3,4.1
1828,Saturn-Og,3,4.5
1829,Savage-Citrus-Sunshine,3,4.5
1830,Savants-Grail,3,4.8
1831,Schrom,2,4.3
1832,Scooby-Snack,3,4.6
1833,Scotts-Og,3,4.6
1834,Scouts-Honor,3,5
1835,Scroopy-Noopers,3,5
1836,Seattle-Blue,1,4.5
1837,Seattle-Cough,2,4.7
1838,Seattlesoda,3,0
1839,Secret-Garden-Og,1,5
1840,Secret-Recipe,3,4.3
1841,Sensi-Skunk,1,4.4
1842,Sensi-Star,1,4.1
1843,Sequoia-Strawberry,2,4.4
1844,Serious-6,2,3.8
1845,Serious-Happiness,3,4.4
1846,Sexxpot,1,4.1
1847,Shaman,2,4.2
1848,Shangri-La,3,4.7
1849,Shark-Attack,1,4.2
1850,Shark-Bite,3,4.1
1851,Shark-Shock,1,4.2
1852,Sharks-Breath,3,4.4
1853,Shiatsu-Kush,3,4.4
1854,Shining-Silver-Haze,2,4.8
1855,Shipwreck,2,4.5
1856,Shishkaberry,1,4.3
1857,Shiskaquine,3,4.6
1858,Shiva-Skunk,1,4.2
1859,Shoreline,3,4.4
1860,Shurman-7,3,4.7
1861,Sierra-Mist,3,4.7
1862,Silver-Back,3,4
1863,Silver-Bubble,3,4.5
1864,Silver-Calyx,3,5
1865,Silver-Cindy,3,5
1866,Silver-Haze,2,4.2
1867,Silver-Kush,2,4.4
1868,Silver-Nina,3,5
1869,Silver-Pearl,3,4.3
1870,Silver-Surfer,3,4.3
1871,Silver-Train,2,4.7
1872,Silverback-Gorilla,1,4.5
1873,Silverfalls-Kush,3,4.8
1874,Silverhawks-Og,2,5
1875,Sin-City-Kush,1,4.9
1876,Sin-Valley-Og,3,4.5
1877,Sinmint-Cookies,3,4.6
1878,Sinai,2,4.8
1879,Sirius-Black,1,4.6
1880,Six-Shooter,3,4.6
1881,Skins-Skunk,3,5
1882,Skunk-47,1,4.3
1883,Skunk-Dawg,2,4.4
1884,Skunk-Haze,3,4.1
1885,Skunk-1,3,4.1
1886,Skunkberry,3,4.5
1887,Skunky-Diesel,3,4.2
1888,Sky-Master,2,0
1889,Skydog,1,4.5
1890,Skywalker,1,4.3
1891,Skywalker-Alien,3,3.8
1892,Skywalker-Og,3,4.5
1893,Slazerbeam,2,4.6
1894,Sleeskunk,2,4.2
1895,Sleestack,2,4.3
1896,Slimer-Og,3,4.6
1897,Smelliot,3,5
1898,Smooth-Operator,3,4
1899,Snoop-Dogg-Og,1,4.6
1900,Snoop-S-Dream,3,4.6
1901,Snow-Bud,3,4.6
1902,Snow-Diesel,3,3.4
1903,Snow-Leopard,1,4.6
1904,Snow-Lotus,3,4.6
1905,Snow-Monster,1,4.3
1906,Snow-Mountain,1,4
1907,Snow-Ryder,1,4
1908,Snow-White,3,4.3
1909,Snowland,3,4.5
1910,Snowcap,3,4.1
1911,Sojay-Haze,2,4.8
1912,Somango,1,4.3
1913,Sonic-Screwdriver,2,4.5
1914,Sonoma-Coma,2,4.5
1915,Sorcerers-Apprentice,3,5
1916,Soul-Assassin-Og,3,4.5
1917,Soul-Shine,3,4.1
1918,Soulshine-Aloha,1,0
1919,Sour-Alien,3,4.3
1920,Sour-Amnesia,2,4.6
1921,Sour-Ape,1,4.2
1922,Sour-Apple,3,4.2
1923,Sour-Banana-Sherbet,3,4.7
1924,Sour-Breath,2,4
1925,Sour-Bubba,1,4.5
1926,Sour-Bubble,1,4.6
1927,Sour-Candy,3,4.5
1928,Sour-Chees,3,4.3
1929,Sour-Cherry-Sherbert,3,0
1930,Sour-Chocolate,2,3.9
1931,Sour-Chunk,3,4.3
1932,Sour-Cookies,3,4.4
1933,Sour-Cream,3,4.3
1934,Sour-Diesel,2,4.4
1935,Sour-Dream,3,4.4
1936,Sour-Dubble,3,4.9
1937,Sour-Flower,2,4.3
1938,Sour-Grape,3,4.2
1939,Sour-Haze,2,4.5
1940,Sour-Headband,3,4.4
1941,Sour-Jack,2,4.5
1942,Sour-Jilly,3,4.8
1943,Sour-Joker,2,4.7
1944,Sour-Kush,3,4.3
1945,Sour-Lsd,3,4.3
1946,Sour-Lemon-Og,3,4.6
1947,Sour-Maui,2,4.7
1948,Sour-Og,3,4.4
1949,Sour-Patch-Kiss,3,4.7
1950,Sour-Pebbles,2,4.6
1951,Sour-Poison,2,4.6
1952,Sour-Power,3,4.7
1953,Sour-Spyder,1,5
1954,Sour-Star-Head,2,5
1955,Sour-Strawberry-Diesel,3,4.6
1956,Sour-Sunset,3,4.7
1957,Sour-Tangie,2,4.6
1958,Sour-Tsunami,3,4.4
1959,Sour-Urkle,3,4.6
1960,Sour-Willie,2,4.5
1961,Sourlope,2,4.6
1962,South-American,2,4
1963,South-Asian,1,4
1964,South-Asian-Sativa,2,0
1965,South-Central-La,1,4.8
1966,South-Indian-Indica,1,3.8
1967,South-Indian,2,4.3
1968,Southern-Lights,2,3.5
1969,Space-Bomb,3,4.3
1970,Space-Candy,3,4.6
1971,Space-Cream,3,4.8
1972,Space-Dawg,1,4.2
1973,Space-Jill,2,3.7
1974,Space-Monster,1,4.3
1975,Space-Needle,2,3.7
1976,Space-Queen,3,4.4
1977,Special-K,3,4.5
1978,Special-Kush-1,1,4.6
1979,Spirit-Of-76,3,4.6
1980,Spliffs-Strawberry,2,4.6
1981,Spoetnik-1,1,5
1982,Sputnik,2,4.5
1983,Spyder-Mon,3,5
1984,Star-47,3,4.3
1985,Star-Berry,1,4.6
1986,Star-Killer,1,4.5
1987,Star-Master-Kush,1,4.7
1988,Star-Tonic,3,4.7
1989,Starbud,1,4.6
1990,Stardawg,3,4.5
1991,Stardawg-91,1,5
1992,Stardawg-Guava,2,4.6
1993,Starfighter,3,4.1
1994,Starry-Night,3,4.6
1995,Stella-Blue,2,4.6
1996,Stephen-Hawking-Kush,1,4.6
1997,Stevie-Wonder,3,4.6
1998,Straight-As-Haze,2,5
1999,Strawberry,2,4.4
2000,Strawberry-Alien-Kush,3,4
2001,Strawberry-Amnesia,2,4.5
2002,Strawberry-Banana,3,4.5
2003,Strawberry-Blondie,3,4.9
2004,Strawberry-Blue,2,4.2
2005,Strawberry-Cheesecake,1,4.4
2006,Strawberry-Cough,2,4.3
2007,Strawberry-Diesel,3,4.3
2008,Strawberry-Dream,3,4.4
2009,Strawberry-Durban-Diesel,2,4.4
2010,Strawberry-Fields,1,4.6
2011,Strawberry-Frost,1,5
2012,Strawberry-Ice,2,4.8
2013,Strawberry-Kush,3,4.2
2014,Strawberry-Lemonade,2,4.3
2015,Strawberry-Mango-Haze,2,4.6
2016,Strawberry-Milkshake,3,4.4
2017,Strawberry-Og,3,4.2
2018,Strawberry-Satori,2,4.5
2019,Sublime,2,4.2
2020,Sugar-Black-Rose,1,4.5
2021,Sugar-Calyx,3,0
2022,Sugar-Cookie,3,4.3
2023,Sugar-Kush,1,4.1
2024,Sugar-Mama,1,4.8
2025,Sugar-Pine,3,0
2026,Sugar-Plum,2,4.5
2027,Sugar-Punch,3,4.8
2028,Sugar-Shack,3,4.6
2029,Suicide-Girl,3,4.8
2030,Summertime-Squeeze,2,4.9
2031,Sumo-Grande,2,4.5
2032,Sumo-Og-Kush,1,4.3
2033,Sun-Ra,2,4.7
2034,Sunburn,2,4.6
2035,Sunlight-Skunk,3,0
2036,Sunset-Haze,3,4.2
2037,Sunset-Sherbert,3,4.6
2038,Sunshine,2,4.7
2039,Sunshine-4,3,4.8
2040,Sunshine-Daydream,1,4.4
2041,Supa-Don,2,4.5
2042,Super-Chronic,1,4.8
2043,Super-Blue-Dream,3,4.3
2044,Super-Bud,1,4.1
2045,Super-Cat-Piss,2,4
2046,Super-Cheese,1,4.5
2047,Super-G,2,4.5
2048,Super-Green-Crack,2,4.5
2049,Super-Jack,2,4.5
2050,Super-Kush,1,4.2
2051,Super-Lemon-Haze,2,4.4
2052,Super-Lemon-Og,3,4.4
2053,Super-Silver-Haze,2,4.4
2054,Super-Silver-Lights,3,4.5
2055,Super-Skunk,1,4.2
2056,Super-Snow-Dog,2,4.5
2057,Super-Sour-Diesel,2,4.5
2058,Super-Sour-Og,3,4.6
2059,Super-Sour-Skunk,3,4.5
2060,Super-Sour-Widow,3,4.7
2061,Super-Sweet,3,4.8
2062,Supergirl,1,4.5
2063,Superglue,3,4.7
2064,Superman-Og,1,4.3
2065,Supermax-Og,3,4.9
2066,Supernatural,2,4.4
2067,Supernova,3,4.3
2068,Superstar,3,4
2069,Suzy-Q,3,4.3
2070,Swazi-Gold,2,3.7
2071,Sweet-Baby-Jane,1,4.3
2072,Sweet-Berry,3,4.2
2073,Sweet-Black-Angel,1,4.7
2074,Sweet-Cheese,2,4.3
2075,Sweet-Deep-Grapefruit,1,4
2076,Sweet-Diesel,2,4.1
2077,Sweet-Dream,3,4.6
2078,Sweet-Dreams,3,4.3
2079,Sweet-Harlem-Diesel,3,4.7
2080,Sweet-Hawaiian-Tangie-Banana,3,0
2081,Sweet-Jane,2,4.6
2082,Sweet-Kush,3,4.4
2083,Sweet-Lafayette,1,3.6
2084,Sweet-Nina,3,3.9
2085,Sweet-Pebbles,3,4.8
2086,Sweet-Skunk,3,4.2
2087,Sweet-Tooth,1,4.2
2088,Sweet-And-Sour-Widow,1,4.5
2089,Swiss-Bliss,3,4
2090,Swiss-Gold,2,4.6
2091,Swiss,1,4.3
2092,Swiss-Sativa,2,4.5
2093,Swiss-Tsunami,2,4.8
2094,Thc-Bomb,3,4.2
2095,Tjs-Cbd,3,4.3
2096,Tahoe-Alien,3,4.5
2097,Tahoe-Frostbite,3,5
2098,Tahoe-Hydro-Champagne,3,3.7
2099,Tahoe-Hydro-Og,3,4.9
2100,Tahoe-Og,3,4.4
2101,Tahoe-Purps,1,3
2102,Taliban-Poison,1,3.7
2103,Tangelo,3,4.3
2104,Tangelo-Kush,3,4
2105,Tangenesia,3,5
2106,Tangerine,3,4.2
2107,Tangerine-Dream,3,4.4
2108,Tangerine-Haze,3,4.5
2109,Tangerine-Kush,1,4.1
2110,Tangerine-Man,2,4.8
2111,Tangerine-Power,3,4.4
2112,Tangerine-Sunrise,2,4.8
2113,Tangerine-Trainwreck-Haze,2,5
2114,Tangie,2,4.5
2115,Tangie-Dream,3,4.4
2116,Tangie-Ghost-Train,2,4.7
2117,Tangie-Sunrise,3,0
2118,Tangier-Chilly,3,5
2119,Tangilope,2,4.6
2120,Tango-Kush,3,4.3
2121,Tardis,2,5
2122,Tembo-Kush,3,4.5
2123,Terminator-Og,1,4.7
2124,Tesla,3,4.7
2125,Tesla-Tower,2,4.8
2126,Thai,2,4.2
2127,Thai-Girl,3,4
2128,Thai-Haze,2,4.3
2129,Thai-Lights,3,4.7
2130,Thai-Tanic,2,4
2131,Thaidal-Wave,3,3.8
2132,The-Big-Dirty,3,5
2133,The-Black,1,4.4
2134,The-Blintz,3,5
2135,The-Blood,2,4.6
2136,The-Brotherhood,3,4.5
2137,The-Cough,2,4.5
2138,The-Doctor,1,4.4
2139,The-Flav,3,4.2
2140,The-Fork,2,0
2141,The-Gift,3,5
2142,The-Grunk,3,4.6
2143,Hog,1,4
2144,The-Loops,1,5
2145,The-Ox,1,4.8
2146,The-One,3,4.9
2147,The-Ooze,1,5
2148,The-Sauce,3,4.8
2149,The-Sheriff,3,4
2150,The-Sister,1,4.3
2151,The-Third-Dimension,3,4.5
2152,The-Truth,3,4.6
2153,The-Void,3,4.5
2154,The-White,3,4.6
2155,The-White-Angel,3,4.2
2156,The-Wife,3,4.9
2157,The-Wills,3,0
2158,Thelonious-Skunk,3,4.8
2159,Thin-Mint,3,4.6
2160,Think-Different,3,4.3
2161,Thors-Hammer,2,4.3
2162,Throwback-Kush,1,4.3
2163,Thunderbird-Rose,2,4.8
2164,Thunderstruck,2,4.9
2165,Tickle-Kush,3,4.3
2166,Tiger-Woods,3,4.1
2167,Tigers-Milk,1,4.6
2168,Tigermelon,1,3
2169,Tillamook-Strawberry,3,4.7
2170,Timewreck,2,4.4
2171,Tina-Danza,3,4.6
2172,Titans-Haze,2,4.3
2173,Tokyo-Og,3,4.6
2174,Tommys-Home-Grown,3,4
2175,Tonics-Web,1,0
2176,Tora-Bora,1,4.5
2177,Toxic,3,4.5
2178,Toxic-Punch,3,4.1
2179,Training-Day,1,4.5
2180,Trainwreck,3,4.2
2181,Tranquil-Elephantizer-Remix,1,4.3
2182,Transformer,3,4
2183,Trash,3,4.7
2184,Travel-Joint,3,4.5
2185,Treasure-Island,3,4.7
2186,Tree-Of-Life,3,4.9
2187,Tres-Dawg,3,4.5
2188,Triangle-Kush,1,4.5
2189,Trident,3,4.3
2190,Trifecta,3,4.4
2191,Trinity,2,4.3
2192,Triple-Cheese,1,4.5
2193,Triple-Diesel,2,4.2
2194,Trix,2,4.9
2195,Tropic-Thunder,3,4.6
2196,Tropical-Tang,3,4.5
2197,Tropicali,3,4.4
2198,True-Og,1,4.4
2199,True-X,1,3
2200,Truffle-Butter,1,4.5
2201,Truth-Serum,3,4.3
2202,Tuna-Kush,1,4.5
2203,Tuna-Og,3,2
2204,Turbo-Mind-Warp,3,4.5
2205,Tutankhamon,2,4.6
2206,Tutti-Frutti,3,4.2
2207,Twista,2,4.2
2208,Twisted-Citrus,2,4.5
2209,Tyson,1,4.8
2210,U2-Kush,1,4.1
2211,Uk-Cheese,3,4.2
2212,Uw,1,4.3
2213,Ultimate-Trainwreck,2,4.4
2214,Ultra-Banana,1,5
2215,Ultra-Sonja,3,4.6
2216,Ultra-Sour,2,4.8
2217,Ultraviolet-Og,1,4.7
2218,Urkle-Train-Haze,3,4.9
2219,Vcdc,3,4.5
2220,Az-Super-Sour-Og,3,4.9
2221,Vader-Og,1,4.5
2222,Valentine-X,3,4.4
2223,Valley-Ghash,3,4.4
2224,Valley-Girl,3,4.7
2225,Vanilla-Kush,1,4.3
2226,Vanilluna,3,4.8
2227,Velvet-Bud,2,3.9
2228,Velvet-Purps,3,5
2229,Venice-Og,2,4.3
2230,Venom-Og,3,4.4
2231,Venus-Og,3,4.8
2232,Verde-Electric,3,4.2
2233,Versace,3,4.8
2234,Very-Berry-Haze,2,4
2235,Vietnamese-Bubba,3,5
2236,Violator-Kush,1,4.3
2237,Violet-Delight,3,4.4
2238,Violeta,3,0
2239,Viper,2,4.5
2240,Voodoo,2,4.2
2241,Vortex,2,4.3
2242,Wmd,1,4.9
2243,Wsu,1,4.4
2244,Wtf,3,5
2245,Waipi-O-Hapa,2,4.4
2246,Waldo,3,4
2247,Walker-Kush,3,4.8
2248,Wally-Og,3,4.8
2249,Walrus-Kush,3,4.3
2250,Walter-White,3,4.7
2251,Wappa,3,4.3
2252,Warlock,3,3.9
2253,Washing-Machine,1,5
2254,Watermelon,1,4.5
2255,Webster,2,4.5
2256,Wedding-Cake,3,4.7
2257,Wellness-Og,3,4.9
2258,Wembley,1,4
2259,West-Coast-Dawg,1,4.8
2260,West-Og,1,3.6
2261,Wet-Dream,2,4.4
2262,Whitaker-Blues,1,4.2
2263,White-99,3,4.5
2264,White-Bastard,1,4.4
2265,White-Berry,1,4.1
2266,White-Bubblegum,1,5
2267,White-Buffalo,2,4.5
2268,White-Caramel-Cookies,1,5
2269,White-Cheese,3,4.2
2270,White-Chocolate,3,3
2271,White-Cookies,3,4.3
2272,White-Dawg,3,4.2
2273,White-Diesel,3,4.2
2274,White-Dragon,1,4.2
2275,White-Dream,3,4.6
2276,White-Durban,2,4.6
2277,White-Elephant,3,4.4
2278,White-Empress,1,4.4
2279,White-Fire-43,1,4.7
2280,White-Fire-Alien-Og,3,4.4
2281,White-Fire-Og,3,4.5
2282,White-Girl,3,4.5
2283,White-Gold,3,4.7
2284,White-Gorilla,3,4.7
2285,White-Haze,2,4
2286,White-Knight,3,4.6
2287,White-Kryptonite,1,4.5
2288,White-Kush,1,4.5
2289,White-Lsd,2,5
2290,White-Lavender,3,4.2
2291,White-Lightning,3,4.4
2292,White-Lotus,3,4.2
2293,White-Nightmare,2,4.7
2294,White-Og,1,4.5
2295,White-Queen,3,4.6
2296,White-Rhino,1,4.2
2297,White-Romulan,3,4.3
2298,White-Russian,3,4.3
2299,White-Ryder,3,0
2300,White-Sangria,3,4.7
2301,White-Siberian,3,4.5
2302,White-Skunk,3,4.4
2303,White-Slipper,3,4.7
2304,White-Smurf,3,4.4
2305,White-Strawberry,3,3
2306,White-Tahoe-Cookies,1,4.7
2307,White-Tygh-Dream,1,5
2308,White-Urkle,3,4.6
2309,White-Walker-Kush,3,4.2
2310,White-Walrus,3,2.5
2311,White-Widow,3,4.3
2312,White-Zombie,3,4
2313,Whiteout,3,4.6
2314,Whitewalker-Og,1,4.7
2315,Wild-Thailand,2,3.8
2316,Willie-Nelson,2,4.3
2317,Willy-Wonka,2,4.5
2318,Willys-Wonder,1,4.2
2319,Wonder-Haze,3,4.2
2320,Wonder-Kid,1,4.7
2321,Wonder-Woman,3,4.4
2322,Wonderwoman-Og,1,4
2323,Wonka-S-Bubbilicious,3,4.8
2324,Woody-Kush,1,4.3
2325,Wookie,3,5
2326,Wookies,3,4.8
2327,Wreckage,3,4.5
2328,X-File,3,4.5
2329,X-Files,3,4.6
2330,X-Wing,1,4.3
2331,X-Tra-Chz,3,4
2332,Xj-13,3,4.3
2333,Xxx-420,1,4.3
2334,Xxx-Og,1,4.5
2335,Xanadu,2,4.8
2336,Y-Griega,2,4.8
2337,Yeti-Og,1,4.6
2338,Yoda-Og,1,4.5
2339,Yodas-Brain,1,4.8
2340,Yogi-Diesel,3,4.5
2341,Yumboldt,1,4.2
2342,Yummy,3,4.2
2343,Zamaldelica,2,5
2344,Zellys-Gift,2,5
2345,Zen,3,4.3
2346,Zeta-Sage,2,4.5
2347,Zeus-Og,3,4.7
2348,Zkittlez,1,4.6
2349,Zombie-Kush,1,5
2350,Zombie-Og,1,4.4
2351,Zoom-Pie,1,4.6
